{
  "version": 1,
  "author": "Aaditya Jogi",
  "editor": "wokwi",
  "parts": [
    { "type": "board-esp32-devkit-c-v4", "id": "esp", "top": 182.4, "left": -100.76, "attrs": {} },
    {
      "type": "board-ssd1306",
      "id": "oled1",
      "top": 271.94,
      "left": 163.43,
      "attrs": { "i2cAddress": "0x3c" }
    }
  ],
  "connections": [
    [ "esp:TX", "$serialMonitor:RX", "", [] ],
    [ "esp:RX", "$serialMonitor:TX", "", [] ],
    [ "oled1:GND", "esp:GND.2", "black", [ "v0" ] ],
    [ "oled1:SCL", "esp:22", "green", [ "v0" ] ],
    [ "oled1:SDA", "esp:21", "green", [ "v0" ] ],
    [ "oled1:VCC", "esp:3V3", "red", [ "v0" ] ]
  ],
  "dependencies": {}
}